header,title,description
Company Report,Transaction 1,This is a description for transaction 1 for Company XYZ.
Company Report,Transaction 2,This is a description for transaction 2 for Company XYZ.
Company Report,Transaction 3,This is a description for transaction 3 for Company XYZ.
Company Report,Transaction 4,This is a description for transaction 4 for Company XYZ.
Company Report,Transaction 5,This is a description for transaction 5 for Company XYZ.
Company Report,Transaction 6,This is a description for transaction 6 for Company XYZ.
Company Report,Transaction 7,This is a description for transaction 7 for Company XYZ.
Company Report,Transaction 8,This is a description for transaction 8 for Company XYZ.
Company Report,Transaction 9,This is a description for transaction 9 for Company XYZ.
Company Report,Transaction 10,This is a description for transaction 10 for Company XYZ.
Company Report,Transaction 11,This is a description for transaction 11 for Company XYZ.
Company Report,Transaction 12,This is a description for transaction 12 for Company XYZ.
Company Report,Transaction 13,This is a description for transaction 13 for Company XYZ.
Company Report,Transaction 14,This is a description for transaction 14 for Company XYZ.
Company Report,Transaction 15,This is a description for transaction 15 for Company XYZ.
Company Report,Transaction 16,This is a description for transaction 16 for Company XYZ.
Company Report,Transaction 17,This is a description for transaction 17 for Company XYZ.
Company Report,Transaction 18,This is a description for transaction 18 for Company XYZ.
Company Report,Transaction 19,This is a description for transaction 19 for Company XYZ.
Company Report,Transaction 20,This is a description for transaction 20 for Company XYZ.
Company Report,Transaction 21,This is a description for transaction 21 for Company XYZ.
Company Report,Transaction 22,This is a description for transaction 22 for Company XYZ.
Company Report,Transaction 23,This is a description for transaction 23 for Company XYZ.
Company Report,Transaction 24,This is a description for transaction 24 for Company XYZ.
Company Report,Transaction 25,This is a description for transaction 25 for Company XYZ.
Company Report,Transaction 26,This is a description for transaction 26 for Company XYZ.
Company Report,Transaction 27,This is a description for transaction 27 for Company XYZ.
Company Report,Transaction 28,This is a description for transaction 28 for Company XYZ.
Company Report,Transaction 29,This is a description for transaction 29 for Company XYZ.
Company Report,Transaction 30,This is a description for transaction 30 for Company XYZ.
Company Report,Transaction 31,This is a description for transaction 31 for Company XYZ.
Company Report,Transaction 32,This is a description for transaction 32 for Company XYZ.
Company Report,Transaction 33,This is a description for transaction 33 for Company XYZ.
Company Report,Transaction 34,This is a description for transaction 34 for Company XYZ.
Company Report,Transaction 35,This is a description for transaction 35 for Company XYZ.
Company Report,Transaction 36,This is a description for transaction 36 for Company XYZ.
Company Report,Transaction 37,This is a description for transaction 37 for Company XYZ.
Company Report,Transaction 38,This is a description for transaction 38 for Company XYZ.
Company Report,Transaction 39,This is a description for transaction 39 for Company XYZ.
Company Report,Transaction 40,This is a description for transaction 40 for Company XYZ.
Company Report,Transaction 41,This is a description for transaction 41 for Company XYZ.
Company Report,Transaction 42,This is a description for transaction 42 for Company XYZ.
Company Report,Transaction 43,This is a description for transaction 43 for Company XYZ.
Company Report,Transaction 44,This is a description for transaction 44 for Company XYZ.
Company Report,Transaction 45,This is a description for transaction 45 for Company XYZ.
Company Report,Transaction 46,This is a description for transaction 46 for Company XYZ.
Company Report,Transaction 47,This is a description for transaction 47 for Company XYZ.
Company Report,Transaction 48,This is a description for transaction 48 for Company XYZ.
Company Report,Transaction 49,This is a description for transaction 49 for Company XYZ.
Company Report,Transaction 50,This is a description for transaction 50 for Company XYZ.
